timestamp_utc,latency_ms,success
2026-08-04T03:41:08.000Z,49.030,true
2026-08-04T03:41:08.000Z,42.193,true
2026-08-04T03:41:08.000Z,47.330,true
2026-08-04T03:41:08.000Z,42.379,true
2026-08-04T03:41:08.000Z,41.938,true
2026-08-04T03:41:08.000Z,41.740,true
2026-08-04T03:41:08.000Z,41.866,true
2026-08-04T03:41:08.000Z,42.684,true
2026-08-04T03:41:08.000Z,43.240,true
2026-08-04T03:41:08.000Z,42.640,true
2026-08-04T03:41:08.000Z,42.619,true
2026-08-04T03:41:08.000Z,43.197,true
2026-08-04T03:41:08.000Z,53.997,true
2026-08-04T03:41:08.000Z,52.176,true
2026-08-04T03:41:08.000Z,42.564,true
2026-08-04T03:41:08.000Z,42.072,true
2026-08-04T03:41:08.000Z,42.185,true
2026-08-04T03:41:08.000Z,42.273,true
2026-08-04T03:41:08.000Z,42.237,true
2026-08-04T03:41:08.000Z,42.019,true
2026-08-04T03:41:08.000Z,42.419,true
2026-08-04T03:41:08.000Z,42.351,true
2026-08-04T03:41:08.000Z,42.389,true
2026-08-04T03:41:08.000Z,42.421,true
2026-08-04T03:41:08.000Z,42.381,true
2026-08-04T03:41:08.000Z,42.325,true
2026-08-04T03:41:08.000Z,42.314,true
2026-08-04T03:41:08.000Z,42.924,true
2026-08-04T03:41:08.000Z,42.935,true
2026-08-04T03:41:08.000Z,42.230,true
2026-08-04T03:41:08.000Z,42.310,true
2026-08-04T03:41:08.000Z,42.617,true
2026-08-04T03:41:08.000Z,42.056,true
2026-08-04T03:41:08.000Z,42.246,true
2026-08-04T03:41:08.000Z,43.162,true
2026-08-04T03:41:08.000Z,42.607,true
2026-08-04T03:41:08.000Z,45.725,true
2026-08-04T03:41:08.000Z,45.496,true
2026-08-04T03:41:08.000Z,43.432,true
2026-08-04T03:41:08.000Z,43.519,true
2026-08-04T03:41:08.000Z,43.100,true
2026-08-04T03:41:08.000Z,42.856,true
2026-08-04T03:41:08.000Z,42.602,true
2026-08-04T03:41:08.000Z,42.540,true
2026-08-04T03:41:08.000Z,42.508,true
2026-08-04T03:41:08.000Z,42.651,true
2026-08-04T03:41:08.000Z,42.561,true
2026-08-04T03:41:08.000Z,42.418,true
2026-08-04T03:41:08.000Z,42.680,true
2026-08-04T03:41:08.000Z,42.245,true
2026-08-04T03:41:08.000Z,42.407,true
2026-08-04T03:41:08.000Z,42.182,true
2026-08-04T03:41:08.000Z,41.916,true
2026-08-04T03:41:08.000Z,42.080,true
2026-08-04T03:41:08.000Z,41.930,true
2026-08-04T03:41:08.000Z,42.724,true
2026-08-04T03:41:08.000Z,42.163,true
2026-08-04T03:41:08.000Z,42.155,true
2026-08-04T03:41:08.000Z,45.214,true
2026-08-04T03:41:08.000Z,72.357,true
2026-08-04T03:41:08.000Z,51.506,true
2026-08-04T03:41:08.000Z,56.234,true
2026-08-04T03:41:08.000Z,47.326,true
2026-08-04T03:41:08.000Z,59.130,true
2026-08-04T03:41:08.000Z,43.731,true
2026-08-04T03:41:08.000Z,44.064,true
2026-08-04T03:41:08.000Z,43.538,true
2026-08-04T03:41:08.000Z,42.999,true
2026-08-04T03:41:08.000Z,42.971,true
2026-08-04T03:41:08.000Z,42.461,true
2026-08-04T03:41:08.000Z,42.349,true
2026-08-04T03:41:08.000Z,42.598,true
2026-08-04T03:41:08.000Z,42.770,true
2026-08-04T03:41:08.000Z,42.486,true
2026-08-04T03:41:08.000Z,42.567,true
2026-08-04T03:41:08.000Z,43.064,true
2026-08-04T03:41:08.000Z,42.707,true
2026-08-04T03:41:08.000Z,42.444,true
2026-08-04T03:41:08.000Z,42.350,true
2026-08-04T03:41:08.000Z,42.299,true
2026-08-04T03:41:08.000Z,42.453,true
2026-08-04T03:41:08.000Z,43.101,true
2026-08-04T03:41:08.000Z,44.171,true
2026-08-04T03:41:08.000Z,43.583,true
2026-08-04T03:41:08.000Z,42.584,true
2026-08-04T03:41:08.000Z,42.198,true
2026-08-04T03:41:08.000Z,42.307,true
2026-08-04T03:41:08.000Z,41.999,true
2026-08-04T03:41:08.000Z,42.269,true
2026-08-04T03:41:08.000Z,42.023,true
2026-08-04T03:41:08.000Z,42.060,true
2026-08-04T03:41:08.000Z,42.467,true
2026-08-04T03:41:08.000Z,42.412,true
2026-08-04T03:41:08.000Z,42.611,true
2026-08-04T03:41:08.000Z,42.475,true
2026-08-04T03:41:08.000Z,42.351,true
2026-08-04T03:41:08.000Z,42.603,true
2026-08-04T03:41:08.000Z,42.159,true
2026-08-04T03:41:08.000Z,41.897,true
2026-08-04T03:41:08.000Z,42.425,true
2026-08-04T03:41:08.000Z,42.296,true
2026-08-04T03:41:08.000Z,42.375,true
2026-08-04T03:41:08.000Z,42.432,true
2026-08-04T03:41:08.000Z,42.326,true
2026-08-04T03:41:08.000Z,42.259,true
2026-08-04T03:41:08.000Z,43.249,true
2026-08-04T03:41:08.000Z,43.054,true
2026-08-04T03:41:08.000Z,42.658,true
2026-08-04T03:41:08.000Z,43.005,true
2026-08-04T03:41:08.000Z,42.677,true
2026-08-04T03:41:08.000Z,42.781,true
2026-08-04T03:41:08.000Z,42.287,true
2026-08-04T03:41:08.000Z,42.353,true
2026-08-04T03:41:08.000Z,42.152,true
2026-08-04T03:41:08.000Z,42.507,true
2026-08-04T03:41:08.000Z,42.268,true
2026-08-04T03:41:08.000Z,42.280,true
2026-08-04T03:41:08.000Z,42.562,true
2026-08-04T03:41:08.000Z,42.361,true
2026-08-04T03:41:08.000Z,42.469,true
2026-08-04T03:41:08.000Z,42.421,true
2026-08-04T03:41:08.000Z,42.503,true
2026-08-04T03:41:08.000Z,42.232,true
2026-08-04T03:41:08.000Z,42.395,true
2026-08-04T03:41:08.000Z,42.304,true
2026-08-04T03:41:08.000Z,42.413,true
2026-08-04T03:41:08.000Z,45.154,true
2026-08-04T03:41:08.000Z,53.087,true
2026-08-04T03:41:08.000Z,45.449,true
2026-08-04T03:41:08.000Z,42.877,true
2026-08-04T03:41:08.000Z,55.242,true
2026-08-04T03:41:08.000Z,42.449,true
2026-08-04T03:41:08.000Z,42.196,true
2026-08-04T03:41:08.000Z,43.714,true
2026-08-04T03:41:08.000Z,42.008,true
2026-08-04T03:41:08.000Z,41.890,true
2026-08-04T03:41:08.000Z,42.140,true
2026-08-04T03:41:08.000Z,42.115,true
2026-08-04T03:41:08.000Z,42.101,true
2026-08-04T03:41:08.000Z,42.219,true
2026-08-04T03:41:08.000Z,42.570,true
2026-08-04T03:41:08.000Z,41.938,true
2026-08-04T03:41:08.000Z,42.439,true
2026-08-04T03:41:08.000Z,42.386,true
2026-08-04T03:41:08.000Z,42.574,true
2026-08-04T03:41:08.000Z,42.391,true
2026-08-04T03:41:08.000Z,42.314,true
2026-08-04T03:41:08.000Z,42.093,true
2026-08-04T03:41:08.000Z,42.442,true
2026-08-04T03:41:08.000Z,42.660,true
2026-08-04T03:41:08.000Z,42.292,true
2026-08-04T03:41:08.000Z,45.962,true
2026-08-04T03:41:08.000Z,56.889,true
2026-08-04T03:41:08.000Z,43.670,true
2026-08-04T03:41:08.000Z,43.644,true
2026-08-04T03:41:08.000Z,43.425,true
2026-08-04T03:41:08.000Z,42.684,true
2026-08-04T03:41:08.000Z,42.202,true
2026-08-04T03:41:08.000Z,42.071,true
2026-08-04T03:41:08.000Z,42.265,true
2026-08-04T03:41:08.000Z,42.741,true
2026-08-04T03:41:08.000Z,42.388,true
2026-08-04T03:41:08.000Z,42.440,true
2026-08-04T03:41:08.000Z,42.686,true
2026-08-04T03:41:08.000Z,42.595,true
2026-08-04T03:41:08.000Z,42.285,true
2026-08-04T03:41:08.000Z,42.656,true
2026-08-04T03:41:08.000Z,42.895,true
2026-08-04T03:41:08.000Z,42.814,true
2026-08-04T03:41:08.000Z,42.826,true
2026-08-04T03:41:08.000Z,42.491,true
2026-08-04T03:41:08.000Z,42.289,true
2026-08-04T03:41:08.000Z,43.915,true
2026-08-04T03:41:08.000Z,42.538,true
2026-08-04T03:41:08.000Z,44.052,true
2026-08-04T03:41:08.000Z,44.120,true
2026-08-04T03:41:08.000Z,42.690,true
2026-08-04T03:41:08.000Z,42.176,true
2026-08-04T03:41:08.000Z,42.358,true
2026-08-04T03:41:08.000Z,42.637,true
2026-08-04T03:41:08.000Z,42.303,true
2026-08-04T03:41:08.000Z,42.228,true
2026-08-04T03:41:08.000Z,42.465,true
2026-08-04T03:41:08.000Z,42.467,true
2026-08-04T03:41:08.000Z,42.330,true
2026-08-04T03:41:08.000Z,42.505,true
2026-08-04T03:41:08.000Z,42.334,true
2026-08-04T03:41:08.000Z,42.369,true
2026-08-04T03:41:08.000Z,42.320,true
2026-08-04T03:41:08.000Z,44.166,true
2026-08-04T03:41:08.000Z,47.725,true
2026-08-04T03:41:08.000Z,42.445,true
2026-08-04T03:41:08.000Z,42.064,true
2026-08-04T03:41:08.000Z,42.625,true
2026-08-04T03:41:08.000Z,42.901,true
2026-08-04T03:41:08.000Z,42.697,true
2026-08-04T03:41:08.000Z,44.229,true
2026-08-04T03:41:08.000Z,42.819,true
2026-08-04T03:41:08.000Z,42.800,true
2026-08-04T03:41:08.000Z,43.650,true
